,,,,,,,,,,,,,,
Section Size,Dimensions,,,,,,,,,Properties,,,,
,d (in),bt (in),Weight,tt (in),Sx,tw (in),r (in),Sy,rx,A (in2),ry,Iyp (in4),Izp (in4),"Plastic
Mod Zp (in3)"
W40x466,42.44,12.64,465.8,2.95,1710.65033,1.67,1.175,159.8101266,16.27769958,137,2.715191112,1010,36300,2050
W40x321,40.2,15.9,324.02,1.81,1273.631841,1,1.18,153.4591195,16.38979541,95.3,3.577943391,1220,25600,1460
W40x174,38.2,15.75,173.74,0.83,638.7434555,0.65,1.18,68.6984127,15.45145798,51.1,3.253779979,541,12200,715
W36x848,42.45,18.13,846.6,4.53,3175.500589,2.52,0.95,501.9305019,16.45243845,249,4.274703776,4550,67400,3830
W36x798,41.97,17.99,795.6,4.29,2983.083155,2.38,0.95,466.92607,16.35608044,234,4.236592729,4200,62600,3570
W36x650,40.47,17.575,646,3.54,2416.604893,1.97,0.95,367.5675676,16.04270616,190,4.123105626,3230,48900,2840
W36x527,39.21,17.22,523.6,2.91,1953.58327,1.61,0.95,289.1986063,15.77026629,154,4.021048516,2490,38300,2270
W36x439,38.26,16.965,435.2,2.44,1620.491375,1.36,0.95,234.6006484,15.5623745,128,3.942952574,1990,31000,1860
W36x393,37.8,16.83,391,2.2,1455.026455,1.22,0.95,207.9619727,15.46384282,115,3.900947488,1750,27500,1660
W36x359,37.4,16.73,357,2.01,1326.203209,1.12,0.95,187.6867902,15.36848972,105,3.866830867,1570,24800,1510
W36x328,37.09,16.63,327.76,1.85,1213.265031,1.02,0.95,170.7757066,15.27751582,96.4,3.838006052,1420,22500,1380
W36x300,36.74,16.655,300.22,1.68,1105.062602,0.945,0.95,156.1092765,15.16239014,88.3,3.836995805,1300,20300,1260
W36x280,36.52,16.595,280.16,1.57,1035.049288,0.885,0.95,144.6218741,15.1449309,82.4,3.816163885,1200,18900,1170
W36x260,36.26,16.55,260.1,1.44,954.2195256,0.84,0.95,131.7220544,15.03807803,76.5,3.774700785,1090,17300,1080
W36x245,36.08,16.51,245.14,1.35,892.4611973,0.8,0.95,122.3500909,14.94325838,72.1,3.742769266,1010,16100,1010
W36x230,35.9,16.47,229.84,1.26,835.6545961,0.76,0.75,114.1469338,14.89608979,67.6,3.728984506,940,15000,943
W30x477,34.21,15.865,476,2.95,1525.869629,1.63,0.79,248.3454144,13.65388485,140,3.751190287,1970,26100,1790
W27x448,31.42,14.94,445.4,2.99,1298.535964,1.65,0.79,223.5609103,12.47898998,131,3.570446975,1670,20400,1530
W24x492,29.65,14.115,489.6,3.54,1288.36425,1.97,0.5,236.627701,11.5168958,144,3.405469457,1670,19100,1550
W24x408,28.54,13.8,404.6,2.99,1058.16398,1.65,0.5,191.3043478,11.26457972,119,3.330531035,1320,15100,1250
W44x335,44,15.9,334.9,1.77,1413.636364,1.03,0.79,150.9433962,17.76896285,98.5,3.490378363,1200,31100,1620
W44x290,43.6,15.8,290.36,1.58,1238.53211,0.865,0.78,131.6455696,17.78086754,85.4,3.489697114,1040,27000,1410
W44x262,43.3,15.8,262.48,1.42,1113.163972,0.785,0.78,116.835443,17.66850774,77.2,3.457738936,923,24100,1270
W44x230,42.9,15.8,230.52,1.22,969.6969697,0.71,0.79,100.7594937,17.51526936,67.8,3.426428604,796,20800,1100
W40x655,43.6,16.9,656.2,3.54,2591.743119,1.97,1.18,339.6449704,17.10982507,193,3.856224361,2870,56500,3080
W40x593,43,16.7,591.6,3.23,2344.186047,1.79,1.18,301.7964072,17.01925887,174,3.805621976,2520,50400,2760
W40x503,42.1,16.4,503.2,2.76,1976.247031,1.54,1.18,248.7804878,16.76547289,148,3.712651853,2040,41600,2320
W40x431,41.3,16.2,431.8,2.36,1685.230024,1.34,1.18,208.6419753,16.55342104,127,3.647887966,1690,34800,1960
W40x397,41,16.1,397.8,2.2,1560.97561,1.22,1.18,191.3043478,16.53796461,117,3.628001263,1540,32000,1800
W40x372,40.6,16.1,374,2.05,1458.128079,1.16,1.18,176.3975155,16.40399065,110,3.592922336,1420,29600,1680
W40x362,40.6,16,360.4,2.01,1423.64532,1.12,1.18,172.5,16.51185966,106,3.608166837,1380,28900,1640
W40x324,40.2,15.9,324.02,1.81,1273.631841,1,1.18,153.4591195,16.38979541,95.3,3.577943391,1220,25600,1460
W40x297,39.8,15.8,296.82,1.65,1165.829146,0.93,1.18,137.9746835,16.30184917,87.3,3.533508392,1090,23200,1330
W40x277,39.7,15.8,277.1,1.58,1103.274559,0.83,1.18,131.6455696,16.3924268,81.5,3.572217266,1040,21900,1250
W40x249,39.4,15.8,249.9,1.42,994.9238579,0.75,1.18,117.2151899,16.32993162,73.5,3.54945622,926,19600,1120
W40x215,39,15.8,215.9,1.22,856.4102564,0.65,1.18,101.6455696,16.21703197,63.5,3.556074984,803,16700,964
W40x199,38.7,15.8,199.92,1.07,770.0258398,0.65,1.18,87.97468354,15.91858538,58.8,3.437983114,695,14900,869
W40x392,41.6,12.4,394.4,2.52,1437.5,1.42,1.18,129.516129,16.05486284,116,2.631048041,803,29900,1710
W40x331,40.8,12.2,332.18,2.13,1210.784314,1.22,1.18,105.5737705,15.90014902,97.7,2.567412503,644,24700,1430
W40x327,40.8,12.1,326.06,2.13,1200.980392,1.18,1.18,105.785124,15.9835682,95.9,2.583334735,640,24500,1410
W40x294,40.4,12,293.08,1.93,1084.158416,1.06,1.18,93.66666667,15.9392699,86.2,2.553374547,562,21900,1270
W40x278,40.2,12,279.82,1.81,1019.900498,1.03,1.18,86.83333333,15.78254415,82.3,2.516048127,521,20500,1190
W40x264,40,11.9,263.16,1.73,970,0.96,1.18,82.85714286,15.83180327,77.4,2.523788629,493,19400,1130
W40x235,39.7,11.9,234.94,1.58,876.5743073,0.83,1.18,74.62184874,15.86848993,69.1,2.534851146,444,17400,1010
W40x211,39.4,11.8,211.14,1.42,786.8020305,0.75,1.18,66.10169492,15.79865259,62.1,2.506031372,390,15500,906
W40x183,39,11.8,181.22,1.2,676.9230769,0.65,1.18,56.10169492,15.73705132,53.3,2.49201351,331,13200,774
W40x167,38.6,11.8,167.62,1.03,601.0362694,0.65,1.18,47.96610169,15.33929978,49.3,2.395905906,283,11600,693
W40x149,38.2,11.8,148.92,0.83,513.0890052,0.63,1.18,38.81355932,14.95808451,43.8,2.286549912,229,9800,598
W36x925,43.1,18.6,924.8,4.53,3387.470998,3.02,0.75,531.1827957,16.38237934,272,4.2616622,4940,73000,4130
W36x853,43.1,18.2,853.4,4.53,3248.259861,2.52,0.75,505.4945055,16.6998342,251,4.280968725,4600,70000,3920
W36x802,42.6,18,802.4,4.29,3042.253521,2.38,0.75,467.7777778,16.57034312,236,4.22362203,4210,64800,3660
W36x723,41.8,17.8,724.2,3.9,2741.626794,2.17,0.75,415.7303371,16.40164884,213,4.16784021,3700,57300,3270
W36x652,41.1,17.6,652.8,3.54,2462.287105,1.97,0.95,367.0454545,16.23396645,192,4.101574901,3230,50600,2910
W36x529,39.8,17.2,530.4,2.91,1989.949749,1.61,0.95,289.5348837,15.93255014,156,3.995189415,2490,39600,2330
W36x487,39.3,17.1,486.2,2.68,1832.061069,1.5,0.95,263.1578947,15.86657656,143,3.96664414,2250,36000,2130
W36x441,38.9,17,442,2.44,1650.385604,1.36,0.95,234.1176471,15.71378621,130,3.912504608,1990,32100,1910
W36x395,38.4,16.8,394.4,2.2,1484.375,1.22,0.95,208.3333333,15.67449059,116,3.884096664,1750,28500,1710
W36x361,38,16.7,360.4,2.01,1352.631579,1.12,0.95,188.0239521,15.5708969,106,3.848547876,1570,25700,1550
W36x330,37.7,16.6,329.46,1.85,1236.074271,1.02,0.95,171.0843373,15.50658171,96.9,3.828091269,1420,23300,1410
W36x302,37.3,16.7,302.6,1.68,1131.367292,0.945,0.95,155.6886228,15.39735859,89,3.821876708,1300,21100,1280
W36x282,37.1,16.6,281.86,1.57,1056.603774,0.885,0.95,144.5783133,15.376262,82.9,3.804638145,1200,19600,1190
W36x262,36.9,16.6,262.48,1.44,970.1897019,0.84,0.95,131.3253012,15.22712333,77.2,3.757548534,1090,17900,1100
W36x247,36.7,16.5,246.5,1.35,910.0817439,0.8,0.95,122.4242424,15.17711526,72.5,3.732430104,1010,16700,1030
W36x231,36.5,16.5,231.88,1.26,854.7945205,0.76,0.95,113.9393939,15.12411991,68.2,3.712545111,940,15600,963
W36x256,37.4,12.2,256.02,1.73,898.3957219,0.96,0.75,86.55737705,14.93678579,75.3,2.6480091,528,16800,1040
W36x232,37.1,12.1,231.2,1.57,808.6253369,0.87,0.75,77.3553719,14.85221314,68,2.623423897,468,15000,936
W36x210,36.7,12.2,210.46,1.36,719.346049,0.83,0.75,67.37704918,14.60298507,61.9,2.57676959,411,13200,833
W36x194,36.5,12.1,193.8,1.26,663.0136986,0.765,0.75,61.98347107,14.56985593,57,2.56494588,375,12100,767
W36x182,36.3,12.1,182.24,1.18,622.5895317,0.725,0.75,57.3553719,14.51967271,53.6,2.544382164,347,11300,718
W36x170,36.2,12,170,1.1,580.1104972,0.68,0.75,53.33333333,14.49137675,50,2.529822128,320,10500,668
W36x160,36,12,159.8,1.02,542.2222222,0.65,0.75,49.16666667,14.41039814,47,2.505313502,295,9760,624
W36x150,35.9,12,150.62,0.94,503.6211699,0.625,0.75,45,14.28506932,44.3,2.468766519,270,9040,581
W36x135,35.6,12,135.66,0.79,438.2022472,0.6,0.75,37.5,13.98172814,39.9,2.374678451,225,7800,509
W33x387,36,16.2,387.6,2.28,1350,1.26,0.79,200,14.5999279,114,3.769685175,1620,24300,1560
W33x354,35.6,16.1,353.6,2.09,1235.955056,1.16,0.79,181.3664596,14.54436185,104,3.746793501,1460,22000,1420
W33x318,35.2,16,318.58,1.89,1107.954545,1.04,0.79,161.25,14.42605256,93.7,3.71043698,1290,19500,1270
W33x291,34.8,15.9,291.04,1.73,1017.241379,0.96,0.79,145.9119497,14.37969753,85.6,3.681222877,1160,17700,1160
W33x263,34.5,15.8,263.16,1.57,921.7391304,0.87,0.79,131.6455696,14.33270235,77.4,3.665609432,1040,15900,1040
W33x241,34.2,15.9,241.74,1.4,830.4093567,0.83,0.79,117.3584906,14.13218688,71.1,3.62248021,933,14200,940
W33x221,33.9,15.8,222.02,1.28,761.0619469,0.775,0.78,106.3291139,14.05523996,65.3,3.586600894,840,12900,857
W33x201,33.7,15.7,200.94,1.15,688.4272997,0.715,0.79,95.41401274,14.00990706,59.1,3.559976806,749,11600,773
W33x169,33.8,11.5,168.3,1.22,549.704142,0.67,0.7,53.91304348,13.69951706,49.5,2.502523978,310,9290,629
W33x152,33.5,11.6,152.66,1.06,487.1641791,0.635,0.7,47.06896552,13.4809938,44.9,2.46580173,273,8160,559
W33x141,33.3,11.5,141.1,0.96,447.4474474,0.605,0.7,42.7826087,13.39843544,41.5,2.434689065,246,7450,514
W33x130,33.1,11.5,130.22,0.855,405.4380665,0.58,0.705,37.91304348,13.23615588,38.3,2.385771574,218,6710,467
W33x118,32.9,11.5,117.98,0.74,358.662614,0.55,0.7,32.52173913,13.0395099,34.7,2.32143253,187,5900,415
W30x391,33.2,15.6,391,2.44,1246.987952,1.36,0.79,198.7179487,13.41640786,115,3.671275101,1550,20700,1450
W30x357,32.8,15.5,357,2.24,1140.243902,1.24,0.79,179.3548387,13.34523279,105,3.638419332,1390,18700,1320
W30x326,32.4,15.4,326.06,2.05,1037.037037,1.14,0.79,161.038961,13.23565192,95.9,3.595849769,1240,16800,1190
W30x292,32,15.3,292.4,1.85,931.25,1.02,0.79,143.7908497,13.16266743,86,3.576408488,1100,14900,1060
W30x261,31.6,15.2,261.8,1.65,829.1139241,0.93,0.79,126.1842105,13.04338415,77,3.529099808,959,13100,943
W30x235,31.3,15.1,235.62,1.5,747.6038339,0.83,0.79,113.2450331,12.99350487,69.3,3.512500867,855,11700,847
W30x211,30.9,15.1,211.82,1.32,666.6666667,0.775,0.78,100.2649007,12.85803457,62.3,3.485811645,757,10300,751
W30x191,30.7,15,190.74,1.19,599.3485342,0.71,0.78,89.73333333,12.80597009,56.1,3.463587004,673,9200,675
W30x173,30.4,15,173.06,1.07,541.4473684,0.655,0.78,79.73333333,12.71572206,50.9,3.427612365,598,8230,607
W30x148,30.7,10.5,148.24,1.18,435.1791531,0.65,0.65,43.23809524,12.37784348,43.6,2.281758536,227,6680,500
W30x132,30.3,10.5,131.92,1,380.8580858,0.615,0.65,37.33333333,12.19472592,38.8,2.247564547,196,5770,437
W30x124,30.2,10.5,124.1,0.93,354.9668874,0.585,0.65,34.47619048,12.11813992,36.5,2.226859697,181,5360,408
W30x116,30,10.5,116.28,0.85,328.6666667,0.565,0.65,31.23809524,12.00633361,34.2,2.189822284,164,4930,378
W30x108,29.8,10.5,107.78,0.76,300,0.545,0.65,27.80952381,11.87474057,31.7,2.146084396,146,4470,346
W30x99,29.7,10.5,98.6,0.67,268.6868687,0.52,0.65,24.38095238,11.7297147,29,2.100902926,128,3990,312
W30x90,29.5,10.4,89.42,0.61,244.7457627,0.47,0.65,22.11538462,11.7159019,26.3,2.091081915,115,3610,283
W27x539,32.5,15.3,540.6,3.54,1575.384615,1.97,0.79,275.8169935,12.68882537,159,3.642861547,2110,25600,1890
W27x368,30.4,14.7,370.6,2.48,1065.789474,1.38,0.79,178.2312925,12.19113831,109,3.466748999,1310,16200,1240
W27x336,30,14.6,337.28,2.28,973.3333333,1.26,0.79,161.6438356,12.1316701,99.2,3.448936255,1180,14600,1130
W27x307,29.6,14.4,306.68,2.09,885.1351351,1.16,0.79,145.8333333,12.05125786,90.2,3.411861402,1050,13100,1030
W27x281,29.3,14.4,282.54,1.93,812.2866894,1.06,0.79,132.3611111,11.96666047,83.1,3.386459908,953,11900,936
W27x258,29,14.3,258.74,1.77,744.8275862,0.98,0.79,120.1398601,11.91295632,76.1,3.359729042,859,10800,852
W27x235,28.7,14.2,235.96,1.61,675.9581882,0.91,0.79,108.3098592,11.82241314,69.4,3.328767286,769,9700,772
W27x217,28.4,14.1,217.26,1.5,627.4647887,0.83,0.79,99.85815603,11.8083284,63.9,3.319218944,704,8910,711
W27x194,28.1,14,194.14,1.34,559.430605,0.75,0.79,88.42857143,11.73257175,57.1,3.292511271,619,7860,631
W27x178,27.8,14.1,178.5,1.19,505.0359712,0.725,0.79,78.72340426,11.56348934,52.5,3.251373336,555,7020,570
W27x161,27.6,14,161.84,1.08,457.2463768,0.66,0.79,71,11.51360175,47.6,3.231280933,497,6310,515
W27x146,27.4,14,146.88,0.975,413.1386861,0.605,0.785,63.28571429,11.4463321,43.2,3.202285064,443,5660,464
W27x129,27.6,10,128.52,1.1,344.9275362,0.61,0.6,36.8,11.22167215,37.8,2.206292108,184,4760,395
W27x114,27.3,10.1,114.24,0.93,298.9010989,0.57,0.6,31.48514851,11.0194633,33.6,2.175348905,159,4080,343
W27x102,27.1,10,102,0.83,267.1586716,0.515,0.6,27.8,10.98483804,30,2.152517905,139,3620,305
W27x94,26.9,10,93.84,0.745,243.1226766,0.49,0.595,24.8,10.88477197,27.6,2.119611668,124,3270,278
W27x84,26.7,10,83.98,0.64,213.4831461,0.46,0.6,21.2,10.74172311,24.7,2.071593101,106,2850,244
W24x370,28,13.7,370.6,2.72,957.1428571,1.52,0.5,169.3430657,11.08764086,109,3.262238776,1160,13400,1130
W24x335,27.5,13.5,334.22,2.48,865.4545455,1.38,0.5,152.5925926,11.0026354,98.3,3.236993695,1030,11900,1020
W24x306,27.1,13.4,304.98,2.28,789.6678967,1.26,0.5,137.1641791,10.92183641,89.7,3.200822079,919,10700,922
W24x279,26.7,13.3,278.46,2.09,719.1011236,1.16,0.5,123.7593985,10.82663924,81.9,3.169990544,823,9600,835
W24x250,26.3,13.2,249.9,1.89,645.6273764,1.04,0.5,109.6969697,10.74756736,73.5,3.138525153,724,8490,744
W24x229,26,13.1,228.48,1.73,588.4615385,0.96,0.5,99.38931298,10.66954946,67.2,3.112474899,651,7650,675
W24x207,25.7,13,206.38,1.57,530.7392996,0.87,0.5,88.92307692,10.59980417,60.7,3.085812782,578,6820,606
W24x192,25.5,13,192.1,1.46,490.9803922,0.81,0.5,81.53846154,10.52598975,56.5,3.062765249,530,6260,559
W24x176,25.2,12.9,175.78,1.34,450.7936508,0.75,0.5,74.26356589,10.48163172,51.7,3.043844662,479,5680,511
W24x162,25,13,162.52,1.22,413.6,0.705,0.5,68.15384615,10.39995172,47.8,3.044303274,443,5170,468
W24x146,24.7,12.9,146.2,1.09,370.8502024,0.65,0.5,60.62015504,10.32044708,43,3.01546402,391,4580,418
W24x131,24.5,12.9,131.24,0.96,328.1632653,0.605,0.5,52.71317829,10.20514957,38.6,2.967876371,340,4020,370
W24x117,24.3,12.8,116.96,0.85,291.3580247,0.55,0.5,46.40625,10.1443076,34.4,2.938319406,297,3540,327
W24x104,24.1,12.8,104.38,0.75,257.2614108,0.5,0.5,40.46875,10.04874115,30.7,2.904562288,259,3100,289
W24x103,24.5,9,103.02,0.98,244.8979592,0.55,0.5,26.44444444,9.950371902,30.3,1.981765057,119,3000,280
W24x94,24.3,9.07,94.18,0.875,222.2222222,0.515,0.505,24.03528115,9.872837697,27.7,1.983687992,109,2700,254
W24x84,24.1,9.02,83.98,0.77,196.6804979,0.47,0.5,20.93126386,9.795479417,24.7,1.954958401,94.4,2370,224
W24x76,23.9,8.99,76.16,0.68,175.7322176,0.44,0.5,18.35372636,9.682458366,22.4,1.919123684,82.5,2100,200
W24x68,23.7,8.97,68.34,0.585,154.4303797,0.415,0.505,15.696767,9.541738632,20.1,1.871493404,70.4,1830,177
W24x62,23.7,7.04,61.88,0.59,130.8016878,0.43,0.5,9.801136364,9.22847957,18.2,1.376809499,34.5,1550,153
W24x55,23.6,7.01,55.08,0.505,114.4067797,0.395,0.505,8.302425107,9.128709292,16.2,1.340259787,29.1,1350,134
W21x275,24.1,12.9,278.12,2.19,638.1742739,1.22,1.18,122.0155039,9.695864064,81.8,3.101778022,787,7690,749
W21x248,23.7,12.8,250.92,1.99,576.371308,1.1,1.18,109.21875,9.620157248,73.8,3.077587483,699,6830,671
W21x223,23.4,12.7,226.1,1.79,519.6581197,1,1.18,96.69291339,9.561828875,66.5,3.038598806,614,6080,601
W21x201,23,12.6,201.62,1.63,461.7391304,0.91,0.5,86.03174603,9.462805505,59.3,3.023237714,542,5310,530
W21x182,22.7,12.5,182.24,1.48,416.7400881,0.83,0.5,77.28,9.393948513,53.6,3.001865092,483,4730,476
W21x166,22.5,12.4,165.92,1.36,380.4444444,0.75,0.5,70.16129032,9.365090391,48.8,2.98562128,435,4280,432
W21x147,22.1,12.5,146.88,1.15,328.5067873,0.72,0.5,60.16,9.166666667,43.2,2.950204011,376,3630,373
W21x132,21.8,12.4,131.92,1.04,295.412844,0.65,0.5,53.70967742,9.109867766,38.8,2.929586016,333,3220,333
W21x122,21.7,12.4,122.06,0.96,272.8110599,0.6,0.5,49.19354839,9.080267258,35.9,2.914759291,305,2960,307
W21x111,21.5,12.3,110.84,0.875,248.372093,0.55,0.505,44.55284553,9.049963563,32.6,2.899121932,274,2670,279
W21x101,21.4,12.3,101.32,0.8,226.1682243,0.5,0.5,40.32520325,9.011551126,29.8,2.884813278,248,2420,253
W21x93,21.6,8.42,92.82,0.93,191.6666667,0.58,0.5,22.06650831,8.70770784,27.3,1.844703337,92.9,2070,221
W21x83,21.4,8.36,82.96,0.835,171.0280374,0.515,0.505,19.47368421,8.660254038,24.4,1.82648996,81.4,1830,196
W21x73,21.2,8.3,73.1,0.74,150.9433962,0.455,0.5,17.01204819,8.626621856,21.5,1.812104006,70.6,1600,172
W21x68,21.1,8.27,68,0.685,140.2843602,0.43,0.505,15.64691657,8.602325267,20,1.798610575,64.7,1480,160
W21x62,21,8.24,62.22,0.615,126.6666667,0.4,0.505,13.95631068,8.525115579,18.3,1.772590337,57.5,1330,144
W21x55,20.8,8.22,55.08,0.522,109.6153846,0.375,0.498,11.77615572,8.388704928,16.2,1.728483243,48.4,1140,126
W21x48,20.6,8.14,47.94,0.43,93.10679612,0.35,0.5,9.508599509,8.247071262,14.1,1.656707835,38.7,959,107
W21x57,21.1,6.56,56.78,0.65,110.9004739,0.405,0.5,9.329268293,8.370178029,16.7,1.353637813,30.6,1170,129
W21x50,20.8,6.53,49.98,0.535,94.61538462,0.38,0.505,7.626339969,8.181612036,14.7,1.301490511,24.9,984,110
W21x44,20.7,6.5,44.2,0.45,81.44927536,0.35,0.5,6.369230769,8.052710963,13,1.261866749,20.7,843,95.4
W18x311,22.3,12,311.44,2.74,625.1121076,1.52,0.5,132.5,8.723055832,91.6,2.946020927,795,6970,754
W18x283,21.9,11.9,283.22,2.5,563.4703196,1.4,0.5,118.3193277,8.606371352,83.3,2.907125823,704,6170,676
W18x258,21.5,11.8,258.4,2.3,512.5581395,1.28,0.4,106.440678,8.514693183,76,2.874570906,628,5510,611
W18x234,21.1,11.7,233.24,2.11,464.4549763,1.16,0.4,95.38461538,8.451542547,68.6,2.852036253,558,4900,549
W18x211,20.7,11.6,211.82,1.91,418.3574879,1.06,0.4,85,8.336810404,62.3,2.813062856,493,4330,490
W18x192,20.4,11.5,191.08,1.75,379.4117647,0.96,0.4,76.52173913,8.298265479,56.2,2.798067457,440,3870,442
W18x175,20,11.4,174.76,1.59,345,0.89,0.4,68.59649123,8.192717655,51.4,2.758079747,391,3450,398
W18x158,19.7,11.3,157.42,1.44,310.6598985,0.81,0.4,61.4159292,8.129619471,46.3,2.737626788,347,3060,356
W18x143,19.5,11.2,142.8,1.32,282.0512821,0.73,0.4,55.53571429,8.091735937,42,2.721169216,311,2750,322
W18x130,19.3,11.2,130.22,1.2,254.9222798,0.67,0.4,49.64285714,8.014347448,38.3,2.694157686,278,2460,290
W18x119,19,11.3,119.34,1.06,230.5263158,0.655,0.4,44.77876106,7.898934257,35.1,2.684767626,253,2190,262
W18x106,18.7,11.2,105.74,0.94,204.2780749,0.59,0.4,39.28571429,7.83675896,31.1,2.659690768,220,1910,230
W18x97,18.6,11.1,96.9,0.87,188.172043,0.535,0.4,36.21621622,7.8360391,28.5,2.655679118,201,1750,211
W18x86,18.4,11.1,86.02,0.77,166.3043478,0.48,0.4,31.53153153,7.776522893,25.3,2.63001826,175,1530,186
W18x76,18.2,11,75.82,0.68,146.1538462,0.425,0.4,27.63636364,7.722775123,22.3,2.610774502,152,1330,163
W18x71,18.5,7.64,71.06,0.81,126.4864865,0.495,0.4,15.78534031,7.482035902,20.9,1.698578071,60.3,1170,146
W18x65,18.4,7.59,64.94,0.75,116.3043478,0.45,0.4,14.4400527,7.484713916,19.1,1.693844724,54.8,1070,133
W18x60,18.2,7.56,59.84,0.695,108.1318681,0.415,0.405,13.25396825,7.477238187,17.6,1.687184314,50.1,984,123
W18x55,18.1,7.53,55.08,0.63,98.34254144,0.39,0.4,11.92563081,7.412035591,16.2,1.664813785,44.9,890,112
W18x50,18,7.5,49.98,0.57,88.88888889,0.355,0.402,10.69333333,7.377111136,14.7,1.651632876,40.1,800,101
W18x46,18.1,6.06,45.9,0.605,78.67403315,0.36,0.405,7.425742574,7.262282061,13.5,1.290994449,22.5,712,90.7
W18x40,17.9,6.02,40.12,0.525,68.37988827,0.315,0.402,6.34551495,7.201694716,11.8,1.272259434,19.1,612,78.4
W18x35,17.7,6,35.02,0.425,57.62711864,0.3,0.402,5.1,7.036658519,10.3,1.218785007,15.3,510,66.5
W16x100,17,10.4,99.96,0.985,175.2941176,0.585,0.405,35.76923077,7.119007804,29.4,2.515259552,186,1490,198
W16x89,16.8,10.4,89.08,0.875,154.7619048,0.525,0.405,31.34615385,7.044027301,26.2,2.494268239,163,1300,175
W16x77,16.5,10.3,76.84,0.76,134.5454545,0.455,0.4,26.7961165,7.008212629,22.6,2.471071567,138,1110,150
W16x67,16.3,10.2,66.64,0.665,117.0552147,0.395,0.405,23.33333333,6.976637398,19.6,2.464026902,119,954,130
W16x57,16.4,7.12,57.12,0.715,92.43902439,0.43,0.405,12.10674157,6.717071357,16.8,1.601710395,43.1,758,105
W16x50,16.3,7.07,49.98,0.63,80.85889571,0.38,0.4,10.52333805,6.695515811,14.7,1.590789818,37.2,659,92
W16x45,16.1,7.04,45.22,0.565,72.79503106,0.345,0.402,9.318181818,6.637782037,13.3,1.570402946,32.8,586,82.3
W16x40,16,7,40.12,0.505,64.75,0.305,0.402,8.257142857,6.625579604,11.8,1.56497685,28.9,518,73
W16x36,15.9,6.99,36.04,0.43,56.35220126,0.295,0.402,7.010014306,6.501088443,10.6,1.52030285,24.5,448,64
W16x31,15.9,5.53,31.042,0.44,47.16981132,0.275,0.402,4.484629295,6.408852038,9.13,1.165401181,12.4,375,54
W16x26,15.7,5.5,26.112,0.345,38.34394904,0.25,0.402,3.490909091,6.260408001,7.68,1.118033989,9.6,301,44.2
W14x873,23.6,18.8,873.8,5.51,1533.898305,3.94,0.59,656.3829787,8.392140106,257,4.899773679,6170,18100,2030
W14x808,22.8,18.6,809.2,5.12,1394.736842,3.74,0.59,596.7741935,8.173537954,238,4.82900898,5550,15900,1830
W14x730,22.4,17.9,731,4.91,1276.785714,3.07,0.6,527.3743017,8.155466137,215,4.68545498,4720,14300,1660
W14x665,21.6,17.7,666.4,4.52,1148.148148,2.83,0.6,471.1864407,7.95394909,196,4.612538369,4170,12400,1480
W14x605,20.9,17.4,605.2,4.16,1033.492823,2.6,0.6,422.9885057,7.789361803,178,4.546884351,3680,10800,1320
W14x550,20.2,17.2,550.8,3.82,933.6633663,2.38,0.6,377.9069767,7.629539733,162,4.479032082,3250,9430,1180
W14x500,19.6,17,499.8,3.5,837.755102,2.19,0.6,338.8235294,7.473308513,147,4.426266681,2880,8210,1050
W14x455,19,16.8,455.6,3.21,756.8421053,2.02,0.6,304.7619048,7.325074499,134,4.370866918,2560,7190,936
W14x426,18.7,16.7,425,3.04,705.8823529,1.88,0.59,282.6347305,7.26636085,125,4.345112196,2360,6600,869
W14x398,18.3,16.6,397.8,2.85,655.7377049,1.77,0.59,261.4457831,7.16114874,117,4.306623799,2170,6000,801
W14x370,17.9,16.5,370.6,2.66,607.8212291,1.66,0.6,241.2121212,7.064577615,109,4.272807126,1990,5440,736
W14x342,17.5,16.4,343.4,2.47,560,1.54,0.6,220.7317073,6.965260331,101,4.233295652,1810,4900,672
W14x311,17.1,16.2,310.76,2.26,506.4327485,1.41,0.6,198.7654321,6.88289034,91.4,4.197008417,1610,4330,603
W14x283,16.7,16.1,283.22,2.07,459.8802395,1.29,0.6,178.8819876,6.789583152,83.3,4.157753572,1440,3840,542
W14x257,16.4,16,257.04,1.89,414.6341463,1.18,0.6,161.25,6.706231801,75.6,4.130797994,1290,3400,487
W14x233,16,15.9,232.9,1.72,376.25,1.07,0.6,144.6540881,6.628846494,68.5,4.097355387,1150,3010,436
W14x211,15.7,15.8,210.8,1.56,338.8535032,0.98,0.6,130.3797468,6.550055405,62,4.075892936,1030,2660,390
W14x193,15.5,15.7,193.12,1.44,309.6774194,0.89,0.6,118.5987261,6.50027085,56.8,4.048560864,931,2400,355
W14x176,15.2,15.7,176.12,1.31,281.5789474,0.83,0.6,106.7515924,6.427498838,51.8,4.022139503,838,2140,320
W14x159,15,15.6,158.78,1.19,253.3333333,0.745,0.6,95.8974359,6.378497067,46.7,4.002140755,748,1900,287
W14x145,14.8,15.5,145.18,1.09,231.0810811,0.68,0.6,87.35483871,6.328257138,42.7,3.981808752,677,1710,260
W14x132,14.7,14.7,131.92,1.03,208.1632653,0.645,0.6,74.55782313,6.279569228,38.8,3.75815265,548,1530,234
W14x120,14.5,14.7,120.02,0.94,190.3448276,0.59,0.6,67.34693878,6.252478262,35.3,3.744684618,495,1380,212
W14x109,14.3,14.6,108.8,0.86,173.4265734,0.525,0.6,61.23287671,6.224949799,32,3.737479097,447,1240,192
W14x99,14.2,14.6,98.94,0.78,156.3380282,0.485,0.6,55.06849315,6.176109609,29.1,3.716777232,402,1110,173
W14x90,14,14.5,90.1,0.71,142.7142857,0.44,0.6,49.93103448,6.139878925,26.5,3.695994773,362,999,157
W14x82,14.3,10.1,81.6,0.855,123.2167832,0.51,0.595,29.30693069,6.058740243,24,2.483277404,148,881,139
W14x74,14.2,10.1,74.12,0.785,111.971831,0.45,0.595,26.53465347,6.038864952,21.8,2.479271867,134,795,126
W14x68,14,10,68,0.72,103.1428571,0.415,0.59,24.2,6.008327554,20,2.459674775,121,722,115
W14x61,13.9,10,60.86,0.645,92.08633094,0.375,0.595,21.4,5.979480742,17.9,2.444924054,107,640,102
W14x53,13.9,8.06,53.04,0.66,77.84172662,0.37,0.59,14.31761787,5.888929205,15.6,1.923205124,57.7,541,87.1
W14x48,13.8,8.03,47.94,0.595,70.14492754,0.34,0.595,12.80199253,5.858860054,14.1,1.909290463,51.4,484,78.4
W14x43,13.7,8,42.84,0.53,62.48175182,0.305,0.59,11.3,5.828229059,12.6,1.894017314,45.2,428,69.6
W14x38,14.1,6.77,38.08,0.515,54.60992908,0.31,0.4,7.88774003,5.8630197,11.2,1.543997594,26.7,385,61.5
W14x34,14,6.75,34,0.455,48.57142857,0.285,0.4,6.903703704,5.830951895,10,1.526433752,23.3,340,54.6
W14x30,13.8,6.73,30.09,0.385,42.17391304,0.27,0.4,5.824665676,5.734226707,8.85,1.48818321,19.6,291,47.3
W14x26,13.9,5.03,26.146,0.42,35.25179856,0.255,0.4,3.542743539,5.644427151,7.69,1.07640494,8.91,245,40.2
W14x22,13.7,5,22.066,0.335,29.05109489,0.23,0.4,2.8,5.537378241,6.49,1.038548234,7,199,33.2
W12x336,16.8,13.4,336.26,2.96,483.3333333,1.78,0.59,177.6119403,6.407149697,98.9,3.468768645,1190,4060,603
W12x305,16.3,13.2,304.3,2.71,435.5828221,1.63,0.59,159.0909091,6.298000037,89.5,3.42517789,1050,3550,537
W12x279,15.9,13.1,278.46,2.47,391.1949686,1.53,0.6,143.0534351,6.16223482,81.9,3.382422422,937,3110,481
W12x252,15.4,13,251.94,2.25,353.2467532,1.4,0.6,127.3846154,6.058642793,74.1,3.342766679,828,2720,428
W12x230,15.1,12.9,230.18,2.07,320.5298013,1.29,0.6,115.0387597,5.978790677,67.7,3.310606918,742,2420,386
W12x210,14.7,12.8,210.12,1.9,291.1564626,1.18,0.6,103.75,5.884541759,61.8,3.277855483,664,2140,348
W12x190,14.4,12.7,190.4,1.74,262.5,1.06,0.59,92.75590551,5.809475019,56,3.243124596,589,1890,311
W12x170,14,12.6,170,1.56,235.7142857,0.96,0.6,82.06349206,5.744562647,50,3.215587038,517,1650,275
W12x152,13.7,12.5,151.98,1.4,208.7591241,0.87,0.6,72.64,5.656063247,44.7,3.186942038,454,1430,243
W12x136,13.4,12.4,135.66,1.25,185.0746269,0.79,0.6,64.19354839,5.574737145,39.9,3.15831242,398,1240,214
W12x120,13.1,12.3,119.68,1.11,163.3587786,0.71,0.59,56.09756098,5.513413396,35.2,3.130676662,345,1070,186
W12x106,12.9,12.2,106.08,0.99,144.6511628,0.61,0.6,49.3442623,5.468440925,31.2,3.106032179,301,933,164
W12x96,12.7,12.2,95.88,0.9,131.1811024,0.55,0.6,44.26229508,5.434979953,28.2,3.094263739,270,833,147
W12x87,12.5,12.1,87.04,0.81,118.4,0.515,0.6,39.83471074,5.376453292,25.6,3.068234427,241,740,132
W12x79,12.4,12.1,78.88,0.735,106.7741935,0.47,0.595,35.70247934,5.341767756,23.2,3.051285766,216,662,119
W12x72,12.3,12,71.74,0.67,97.07317073,0.43,0.6,32.5,5.319195321,21.1,3.040017461,195,597,108
W12x65,12.1,12,64.94,0.605,88.09917355,0.39,0.595,29,5.282590194,19.1,3.018268981,174,533,96.8
W12x58,12.2,10,57.8,0.64,77.86885246,0.36,0.6,21.4,5.285941399,17,2.508808013,107,475,86.4
W12x53,12.1,10,53.04,0.575,70.24793388,0.345,0.605,19.16,5.219539227,15.6,2.478109288,95.8,425,77.9
W12x50,12.2,8.08,49.64,0.64,64.09836066,0.37,0.5,13.93564356,5.175019026,14.6,1.963711889,56.3,391,71.9
W12x45,12.1,8.05,44.54,0.575,57.52066116,0.335,0.505,12.42236025,5.154113454,13.1,1.953661663,50,348,64.2
W12x40,11.9,8.01,39.78,0.515,51.59663866,0.295,0.505,11.01123596,5.122432649,11.7,1.941450687,44.1,307,57
W12x35,12.5,6.56,35.02,0.52,45.6,0.3,0.3,7.469512195,5.260218903,10.3,1.542284272,24.5,285,51.2
W12x30,12.3,6.52,29.886,0.44,38.69918699,0.26,0.3,6.226993865,5.203481813,8.79,1.519685016,20.3,238,43.1
W12x26,12.2,6.49,26.01,0.38,33.44262295,0.23,0.3,5.331278891,5.163977795,7.65,1.503807803,17.3,204,37.2
W12x22,12.3,4.03,22.032,0.425,25.36585366,0.26,0.3,2.312655087,4.906533815,6.48,0.8480187512,4.66,156,29.3
W12x19,12.2,4.01,18.938,0.35,21.31147541,0.235,0.3,1.875311721,4.831078324,5.57,0.8216111509,3.76,130,24.7
W12x16,12,3.99,16.014,0.265,17.16666667,0.22,0.3,1.413533835,4.676362388,4.71,0.7737739429,2.82,103,20.1
W12x14,11.9,3.97,14.144,0.225,14.8907563,0.2,0.3,1.188916877,4.614983957,4.16,0.7531983088,2.36,88.6,17.4
W10x112,11.4,10.4,111.86,1.25,125.6140351,0.755,0.5,45.38461538,4.665074269,32.9,2.678292792,236,716,147
W10x100,11.1,10.3,99.62,1.12,112.2522523,0.68,0.5,40.19417476,4.611160227,29.3,2.657977881,207,623,130
W10x88,10.8,10.3,88.4,0.99,98.88888889,0.605,0.5,34.75728155,4.531937945,26,2.623855062,179,534,113
W10x77,10.6,10.2,77.18,0.87,85.8490566,0.53,0.5,30.19607843,4.477058506,22.7,2.604638357,154,455,97.6
W10x68,10.4,10.1,67.66,0.77,75.76923077,0.47,0.5,26.53465347,4.44960616,19.9,2.594931279,134,394,85.3
W10x60,10.2,10.1,60.18,0.68,66.8627451,0.42,0.5,22.97029703,4.389252411,17.7,2.560014124,116,341,74.6
W10x54,10.1,10,53.72,0.615,60,0.37,0.505,20.6,4.379179739,15.8,2.553230765,103,303,66.6
W10x49,10,10,48.96,0.56,54.4,0.34,0.5,18.68,4.346134937,14.4,2.546784465,93.4,272,60.4
W10x45,10.1,8.02,45.22,0.62,49.10891089,0.35,0.5,13.31670823,4.318172824,13.3,2.003755872,53.4,248,54.9
W10x39,9.92,7.99,39.1,0.53,42.13709677,0.315,0.5,11.2640801,4.263087267,11.5,1.97814142,45,209,46.8
W10x33,9.73,7.96,33.014,0.435,35.14902364,0.29,0.5,9.195979899,4.196511719,9.71,1.941471089,36.6,171,38.8
W10x30,10.5,5.81,30.056,0.51,32.38095238,0.3,0.3,5.748709122,4.385290097,8.84,1.374459993,16.7,170,36.6
W10x26,10.3,5.77,25.874,0.44,27.96116505,0.26,0.3,4.887348354,4.349996602,7.61,1.36118523,14.1,144,31.3
W10x22,10.2,5.75,22.066,0.36,23.1372549,0.24,0.3,3.965217391,4.264014327,6.49,1.325348458,11.4,118,26
W10x19,10.2,4.02,19.108,0.395,18.88235294,0.25,0.3,2.134328358,4.139472348,5.62,0.8736962835,4.29,96.3,21.6
W10x17,10.1,4.01,16.966,0.33,16.21782178,0.24,0.3,1.775561097,4.051274571,4.99,0.8446459931,3.56,81.9,18.7
W10x15,9.99,4,14.994,0.27,13.79379379,0.23,0.3,1.445,3.952667804,4.41,0.8095238095,2.89,68.9,16
W10x12,9.87,3.96,12.036,0.21,10.90172239,0.19,0.3,1.101010101,3.898427903,3.54,0.7847414919,2.18,53.8,12.6
W8x67,9,8.28,66.98,0.935,60.44444444,0.57,0.395,21.40096618,3.715791517,19.7,2.12072203,88.6,272,70.1
W8x58,8.75,8.22,58.14,0.81,52.11428571,0.51,0.39,18.27250608,3.651483717,17.1,2.095665256,75.1,228,59.8
W8x48,8.5,8.11,47.94,0.685,43.29411765,0.4,0.395,15.01849568,3.612429292,14.1,2.078256225,60.9,184,49
W8x40,8.25,8.07,39.78,0.56,35.39393939,0.36,0.394,12.1685254,3.53251079,11.7,2.048555881,49.1,146,39.8
W8x35,8.12,8.02,35.02,0.495,31.28078818,0.31,0.394,10.6234414,3.511423798,10.3,2.033696715,42.6,127,34.7
W8x31,8,8,31.042,0.435,27.5,0.285,0.394,9.275,3.471050673,9.13,2.015819147,37.1,110,30.4
W8x28,8.06,6.54,28.05,0.465,24.31761787,0.285,0.394,6.636085627,3.446561747,8.25,1.6218209,21.7,98,27.2
W8x24,7.93,6.5,24.072,0.4,20.85750315,0.245,0.394,5.630769231,3.417717215,7.08,1.607714453,18.3,82.7,23.1
W8x21,8.28,5.27,20.944,0.4,18.1884058,0.25,0.3,3.707779886,3.496287456,6.16,1.259380388,9.77,75.3,20.4
W8x18,8.14,5.25,17.884,0.33,15.20884521,0.23,0.3,3.036190476,3.430460732,5.26,1.230938311,7.97,61.9,17
W8x15,8.11,4.02,15.096,0.315,11.83723798,0.245,0.3,1.696517413,3.287979746,4.44,0.876366372,3.41,48,13.6
W8x13,7.99,4,13.056,0.255,9.912390488,0.23,0.3,1.365,3.211308145,3.84,0.8431710977,2.73,39.6,11.4
W8x10,7.89,3.94,10.064,0.205,7.807351077,0.17,0.3,1.060913706,3.225741063,2.96,0.840286309,2.09,30.8,8.87
W6x25,6.38,6.08,24.956,0.455,16.73981191,0.32,0.25,5.625,2.697258675,7.34,1.52633557,17.1,53.4,18.9
W6x20,6.2,6.02,19.958,0.365,13.35483871,0.26,0.25,4.418604651,2.65571288,5.87,1.505243532,13.3,41.4,14.9
W6x15,5.99,5.99,15.062,0.26,9.716193656,0.23,0.25,3.111853088,2.562976543,4.43,1.450461124,9.32,29.1,10.8
W6x16,6.28,4.03,16.116,0.405,10.22292994,0.26,0.25,2.198511166,2.602335854,4.74,0.9667466866,4.43,32.1,11.7
W6x12,6.03,4,12.07,0.28,7.330016584,0.23,0.25,1.495,2.495065553,3.55,0.9177437121,2.99,22.1,8.3
W6x9,5.9,3.94,9.112,0.215,5.559322034,0.17,0.25,1.116751269,2.473742708,2.68,0.9060328484,2.2,16.4,6.23
W6x8.5,5.83,3.94,8.568,0.195,5.111492281,0.17,0.25,1.010152284,2.431604082,2.52,0.8886408384,1.99,14.9,5.73
W5x19,5.15,5.03,18.904,0.43,10.21359223,0.27,0.3,3.630218688,2.174905935,5.56,1.281439164,9.13,26.3,11.6
W5x16,5.01,5,16.014,0.36,8.542914172,0.24,0.3,3.004,2.13155446,4.71,1.26272714,7.51,21.4,9.63
W4x13,4.16,4.06,13.022,0.345,5.432692308,0.28,0.25,1.901477833,1.717670412,3.83,1.00390881,3.86,11.3,6.28
W44x408,44.8,16.1,408,2.17,1727.678571,1.22,0.79,188.8198758,17.958285,120,3.559026084,1520,38700,2000
W44x368,44.4,16,367.2,1.97,1563.063063,1.1,0.79,168.75,17.92473978,108,3.535533906,1350,34700,1800
W36x387,39.1,12.7,387.6,2.56,1355.498721,1.42,0.75,138.8976378,15.2465124,114,2.78151795,882,26500,1610
W36x350,38.6,12.6,350.2,2.32,1222.797927,1.3,0.75,123.8095238,15.13691559,103,2.751874912,780,23600,1440
W36x318,38.2,12.4,317.56,2.13,1109.947644,1.18,0.75,110,15.0658796,93.4,2.702207837,682,21200,1300
W36x286,37.8,12.3,285.26,1.93,1000,1.06,0.75,97.88617886,15.00893655,83.9,2.678657981,602,18900,1160